Place,Picture,Ranking,Score,Address,Comments
世界之窗,https://dimg07.c-ctrip.com/images/10011f000001h37663BA9_C_220_140.jpg,第1名,4.4,深圳市南山区华侨城深南大道9037号,(25439条点评)
东部华侨城,https://dimg08.c-ctrip.com/images/10031f000001gs0k863F3_C_220_140.jpg,第2名,4.5,深圳市盐田区大梅沙东部华侨城,(15491条点评)
深圳欢乐谷,https://dimg02.c-ctrip.com/images/100710000000pvb9m9D1B_C_220_140.jpg,第3名,4.5,深圳市南山区华侨城侨城西路,(12472条点评)
深圳平安金融中心云际观光层,https://dimg02.c-ctrip.com/images/0106912000816uvcj5A16_C_220_140.jpg,第4名,4.9,深圳市福田区益田路5033号平安金融中心116层,(7208条点评)
锦绣中华民俗村,https://dimg07.c-ctrip.com/images/fd/tg/g4/M05/D3/50/CggYHlbmLA6AGOBGAC_LRk_Fo_0382_C_220_140.jpg,第5名,4.6,深圳市南山区深南大道中段西端华侨城,(9969条点评)
深圳野生动物园,https://dimg02.c-ctrip.com/images/100710000000pshw82A96_C_220_140.jpg,第6名,4.5,深圳市南山区西丽湖东侧,(7776条点评)
大梅沙海滨公园,https://dimg01.c-ctrip.com/images/fd/tg/g3/M09/35/86/CggYGVXDJXeAREhfAEpkQFBfAGo205_C_220_140.jpg,第7名,4.4,深圳市盐田区盐葵路大梅沙段148号,(1300条点评)
莲花山公园,https://dimg06.c-ctrip.com/images/100p1f000001gpcyu860A_C_220_140.jpg,第8名,4.6,深圳市福田区红荔路6030号,(851条点评)
小梅沙海洋世界,https://dimg05.c-ctrip.com/images/100q1f000001grkck111B_C_220_140.jpg,第9名,4.4,深圳市盐田区小梅沙海滨旅游区,(6239条点评)
红树林,https://dimg07.c-ctrip.com/images/100n1f000001gp9z8E948_C_220_140.jpg,第10名,4.5,深圳市福田区滨河大道,(787条点评)
小梅沙,https://dimg01.c-ctrip.com/images/100w1800000144ykw49F1_C_220_140.jpg,第11名,4.2,深圳市盐田区大鹏湾畔小梅沙,(928条点评)
仙湖植物园,https://dimg07.c-ctrip.com/images/100e1f000001gt2ds8EED_C_220_140.jpg,第12名,4.5,深圳市罗湖区仙湖路160号仙湖植物园,(479条点评)
东部华侨城大侠谷,https://dimg08.c-ctrip.com/images/10021h000001hs3be9A31_C_220_140.jpg,第13名,4.3,深圳市盐田区大梅沙东部华侨城内,(1921条点评)
海上世界,https://dimg02.c-ctrip.com/images/1005060000001vnvn07F9_C_220_140.jpg,第14名,4.5,深圳市南山区招商街道蛇口望海路1128号,(502条点评)
西冲,https://dimg06.c-ctrip.com/images/fd/tg/g4/M05/04/56/CggYHlXdUl2AUG9rAA31ZWo-YPA125_C_220_140.jpg,第15名,4.3,深圳市龙岗区南澳镇,(815条点评)
东门老街,https://dimg02.c-ctrip.com/images/100b1f000001gsoa6993B_C_220_140.jpg,第16名,4.4,深圳市罗湖区,(783条点评)
罗湖口岸,https://dimg04.c-ctrip.com/images/100c1f000001gsz2d2813_C_220_140.jpg,第17名,4.4,深圳市罗湖区人民南路,(415条点评)
大鹏所城,https://dimg01.c-ctrip.com/images/100o1f000001gp36q9480_C_220_140.jpg,第18名,4.3,深圳市龙岗区南门东路,(388条点评)
观澜山水田园旅游文化园,https://dimg02.c-ctrip.com/images/0102w120002gl38ep86E4_C_220_140.jpg,第19名,4.1,深圳市龙华区观澜镇君子布环观南路山水田园旅游文化园,(1197条点评)
沙头角中英街,https://dimg02.c-ctrip.com/images/100k1f000001gueh545DB_C_220_140.jpg,第20名,4.0,深圳市盐田区沙头角镇,(625条点评)
杨梅坑,https://dimg03.c-ctrip.com/images/10071f000001h6yowA1FC_C_220_140.jpg,第21名,4.4,深圳市龙岗区东山社区,(420条点评)
海上田园,https://dimg01.c-ctrip.com/images/100f1f000001gq9lg1C91_C_220_140.jpg,第22名,4.0,深圳市宝安区沙井镇民主村民主大道,(971条点评)
深圳欢乐海岸,https://dimg05.c-ctrip.com/images/100t0s000000hijz12382_C_220_140.jpg,第23名,4.5,深圳市南山区白石路东8号欢乐海岸,(878条点评)
梧桐山,https://dimg03.c-ctrip.com/images/100p1f000001gpegbE3E1_C_220_140.jpg,第24名,4.6,深圳市罗湖区梧桐山村,(402条点评)
光明农场大观园,https://dimg02.c-ctrip.com/images/100k0g0000007tmp830BA_C_220_140.jpg,第25名,3.8,深圳市宝安区光明新区碧水路农场大观园,(1095条点评)
大芬油画村,https://dimg05.c-ctrip.com/images/100l1f000001gqgdeE5E9_C_220_140.jpg,第26名,4.2,深圳市龙岗区布吉镇大芬村,(308条点评)
深圳大学,https://dimg08.c-ctrip.com/images/100h1f000001grwaq1DA8_C_220_140.jpg,第27名,4.6,深圳市南山区南海大道3688号,(367条点评)
地王观光·深港之窗,https://dimg03.c-ctrip.com/images/10051f000001gsu9xBA0E_C_220_140.jpg,第28名,4.3,深圳市罗湖区地王大厦69F,(1474条点评)
凤凰山,https://dimg01.c-ctrip.com/images/100s1f000001gx5bd3BE5_C_220_140.jpg,第29名,4.4,深圳市宝安区福永街道凤凰村,(330条点评)
深圳湾公园,https://dimg01.c-ctrip.com/images/1A0s1g000001hb9rs0F07_C_220_140.jpg,第30名,4.7,深圳市南山区滨海侨城东立交桥,(380条点评)
东部华侨城茶溪谷,https://dimg01.c-ctrip.com/images/100d1f000001goumwB570_C_220_140.jpg,第31名,4.2,深圳市盐田区大梅沙东部华侨城,(1458条点评)
深圳博物馆,https://dimg08.c-ctrip.com/images/100g0l000000d1ohzFB73_C_220_140.jpg,第32名,4.6,深圳市福田区福中路市民中心A区,(321条点评)
深圳市民中心,https://dimg06.c-ctrip.com/images/100g1f000001gqwr0EC98_C_220_140.jpg,第33名,4.6,深圳市福田区福中三路1号（近少年宫）,(265条点评)
荔枝公园,https://dimg01.c-ctrip.com/images/100w1f000001gwbsl05B0_C_220_140.jpg,第34名,4.5,深圳市福田区红岭中路1001,(383条点评)
较场尾,https://dimg06.c-ctrip.com/images/fd/tg/g4/M02/C5/19/CggYHlZzrU2ANyEjABSzGT0tGIQ919_C_220_140.jpg,第35名,4.2,深圳市大鹏新区,(347条点评)
华侨城创意文化园,https://dimg04.c-ctrip.com/images/100p1f000001gpel308A0_C_220_140.jpg,第36名,4.6,深圳市南山区锦绣北街2号,(192条点评)
荷兰花卉小镇,https://dimg04.c-ctrip.com/images/100c1f000001gsyw6506C_C_220_140.jpg,第37名,4.3,深圳市南山区月亮湾大道3008号,(318条点评)
何香凝美术馆,https://dimg06.c-ctrip.com/images/100q1f000001gri7v26D4_C_220_140.jpg,第38名,4.4,深圳市南山区深南大道9103号,(194条点评)
欢乐海岸海洋奇梦馆,https://dimg03.c-ctrip.com/images/100h1f000001grtfx467E_C_220_140.jpg,第39名,4.2,深圳市南山区白石路东8号欢乐海岸购物中心二楼东端,(1285条点评)
园博园,https://dimg08.c-ctrip.com/images/10071f000001h6xtn00D5_C_220_140.jpg,第40名,4.4,深圳市福田区深南大道8002号,(276条点评)
甘坑客家小镇,https://dimg07.c-ctrip.com/images/10031c000001dcdk19FC2_C_220_140.jpg,第41名,4.3,深圳市龙岗区布吉吉华街道甘李路18号,(308条点评)
关山月美术馆,https://dimg05.c-ctrip.com/images/100g1f000001gr0u7FDD1_C_220_140.jpg,第42名,4.5,深圳市福田区红荔路6026号,(158条点评)
羊台山森林公园,https://dimg01.c-ctrip.com/images/100k1f000001guidrD6AC_C_220_140.jpg,第43名,4.4,深圳市石岩镇龙腾路龙眼山村,(391条点评)
大鹏半岛,https://dimg07.c-ctrip.com/images/100a1f000001grmw98E2C_C_220_140.jpg,第44名,4.6,深圳市龙岗区,(74条点评)
邓小平画像,https://dimg04.c-ctrip.com/images/100u1f000001gq8dp1750_C_220_140.jpg,第45名,4.5,深圳市福田区红岭大厦1栋28,(240条点评)
东冲,https://dimg03.c-ctrip.com/images/100a1f000001grnki9B80_C_220_140.jpg,第46名,4.4,深圳市龙岗区东涌旅游区内,(85条点评)
弘法寺,https://dimg01.c-ctrip.com/images/100p1f000001gpgvqE093_C_220_140.jpg,第47名,4.6,深圳市罗湖区莲塘仙湖路160号仙湖植物园内,(88条点评)
茶溪谷茵特拉根小镇,https://dimg02.c-ctrip.com/images/100t1f000001gq9qd6AEF_C_220_140.jpg,第48名,4.4,深圳市盐田区大梅沙东部华侨城茶溪谷景区内,(147条点评)
观澜版画村,https://dimg05.c-ctrip.com/images/100g1f000001gqyuc8366_C_220_140.jpg,第49名,4.6,深圳市龙华区裕新路169号,(117条点评)
大鹏半岛地质公园,https://dimg05.c-ctrip.com/images/100d1f000001goqppEF88_C_220_140.jpg,第50名,4.4,深圳市大鹏新区南澳地质公园路1号,(60条点评)
深圳会展中心,https://dimg05.c-ctrip.com/images/100u1f000001gq6wr4312_C_220_140.jpg,第51名,4.5,深圳市福田区福华三路,(514条点评)
东湖公园,https://dimg04.c-ctrip.com/images/100k0a0000004cn4j9ADC_C_220_140.jpg,第52名,4.5,深圳市罗湖区爱国路4006号,(262条点评)
华强北路,https://dimg08.c-ctrip.com/images/10051f000001gst0w0609_C_220_140.jpg,第53名,4.4,深圳市福田区振华路与华强北路的交汇处,(324条点评)
蛇口,https://dimg02.c-ctrip.com/images/10050z000000nozzr5F63_C_220_140.jpg,第54名,4.6,深圳市南山区蛇口工业区，南头半岛东南部，东临深圳湾，西依珠江口,(158条点评)
洪湖公园,https://dimg07.c-ctrip.com/images/100g1f000001gqxdr65F2_C_220_140.jpg,第55名,4.5,深圳市罗湖区文锦北路2023号,(326条点评)
中山公园,https://dimg03.c-ctrip.com/images/100n1f000001gpc9dFF87_C_220_140.jpg,第56名,4.3,深圳市南山区南山大道3109号(近汇泉广场),(234条点评)
中心公园,https://dimg03.c-ctrip.com/images/100n1f000001gpe275BED_C_220_140.jpg,第57名,4.5,深圳市福田区振华西路1号,(249条点评)
皇岗口岸,https://dimg08.c-ctrip.com/images/100s1f000001gx7p026DC_C_220_140.jpg,第58名,4.3,深圳市福田区皇岗南路皇岗口岸,(114条点评)
深南大道,https://dimg06.c-ctrip.com/images/10031f000001gs29010AF_C_220_140.jpg,第59名,4.6,深圳市，经过福田区和南山区。,(76条点评)
七娘山,https://dimg02.c-ctrip.com/images/100812000000sdugi455B_C_220_140.jpg,第60名,4.5,深圳市龙岗区大鹏半岛,(67条点评)
大华兴寺,https://dimg03.c-ctrip.com/images/100p1f000001gpef238C4_C_220_140.jpg,第61名,4.5,深圳市盐田区大梅沙东部华侨城云海谷体育公园旁,(75条点评)
龙园,https://dimg03.c-ctrip.com/images/100d1f000001goqli9C03_C_220_140.jpg,第62名,4.3,深圳市龙岗区龙园路416号,(205条点评)
荔香公园,https://dimg01.c-ctrip.com/images/100h1f000001grukxE757_C_220_140.jpg,第63名,4.4,深圳市南山区南光路145-8对面,(165条点评)
人民公园,https://dimg07.c-ctrip.com/images/100i1f000001gp5d99E04_C_220_140.jpg,第64名,4.5,深圳市罗湖区人民北路3071号,(134条点评)
桔钓沙,https://dimg04.c-ctrip.com/images/10041f000001gqdsoEBD6_C_220_140.jpg,第65名,4.2,深圳市龙岗区X260(新东路),(62条点评)
玫瑰海岸,https://dimg07.c-ctrip.com/images/100w1f000001gw96p82A7_C_220_140.jpg,第66名,4.3,深圳市龙岗区深葵公路,(107条点评)
南头古城,https://dimg06.c-ctrip.com/images/100d1f000001goub0B316_C_220_140.jpg,第67名,4.0,深圳市南山区南头天桥北8米处(深南大道旁),(197条点评)
海菲德小镇,https://dimg06.c-ctrip.com/images/100s1f000001gx6n8A2DA_C_220_140.jpg,第68名,4.4,深圳市盐田区大梅沙东部华侨城大侠谷内,(35条点评)
华侨城湿地公园,https://dimg01.c-ctrip.com/images/10040l000000cqnpt4EC3_C_220_140.jpg,第69名,4.6,深圳市南山区白石路东8号欢乐海岸华侨城湿地,(104条点评)
马峦山,https://dimg03.c-ctrip.com/images/100s1f000001gx7hmD412_C_220_140.jpg,第70名,4.4,深圳市坪山区坪马线公路,(83条点评)
深圳大学城,https://dimg02.c-ctrip.com/images/100i1f000001gp1gy61CF_C_220_140.jpg,第71名,4.7,深圳市南山区西丽丽水路,(113条点评)
大芬美术馆,https://dimg07.c-ctrip.com/images/10051f000001gstziB9BF_C_220_140.jpg,第72名,4.5,深圳市龙岗区布吉街道大芬油画村内老围东三巷,(80条点评)
深圳市少年宫,https://dimg04.c-ctrip.com/images/10061f000001gqy8152D2_C_220_140.jpg,第73名,4.6,深圳市福田区福中一路2002号,(96条点评)
龙华公园,https://dimg04.c-ctrip.com/images/100l1f000001gqeg8C727_C_220_140.jpg,第74名,4.2,深圳市宝安区人民北路（近公园路）,(286条点评)
福田体育公园,https://dimg05.c-ctrip.com/images/10041f000001gp9tk6487_C_220_140.jpg,第75名,4.4,深圳市福田区福强路30号,(142条点评)
皇岗公园,https://dimg01.c-ctrip.com/images/100e1f000001gt0boC878_C_220_140.jpg,第76名,4.3,深圳市福田区益田路2002号,(213条点评)
华侨城旅游度假区,https://dimg02.c-ctrip.com/images/100m1f000001gzo7r7E1C_C_220_140.jpg,第77名,4.3,深圳市南山区华侨城,(35条点评)
笔架山公园,https://dimg02.c-ctrip.com/images/10061f000001gqurg1F7B_C_220_140.jpg,第78名,4.4,深圳市福田区梅岗路26号,(159条点评)
四海公园,https://dimg02.c-ctrip.com/images/100l1f000001gqgd2BBFB_C_220_140.jpg,第79名,4.4,深圳市南山区公园路6号,(219条点评)
万福广场,https://dimg04.c-ctrip.com/images/100c1f000001gsyjzB5B6_C_220_140.jpg,第80名,4.2,深圳市宝安区福永镇万福广场,(229条点评)
深圳湾大桥,https://dimg03.c-ctrip.com/images/100q1f000001grku32189_C_220_140.jpg,第81名,4.4,深圳市南山区，北接望海路，南至深海路。,(67条点评)
南山图书馆,https://dimg03.c-ctrip.com/images/100g1f000001gqxh74A11_C_220_140.jpg,第82名,4.6,深圳市南山区常兴路176号,(109条点评)
华侨城生态广场,https://dimg07.c-ctrip.com/images/100c0v000000jpqyu0157_C_220_140.jpg,第83名,4.5,深圳市南山区华侨城中部，西临杜鹃山东街与欢乐谷隔街相望，南面是中旅广场,(105条点评)
鹤湖新居,https://dimg02.c-ctrip.com/images/100q1f000001grj9jCA02_C_220_140.jpg,第84名,4.3,深圳市龙岗区龙岗街道南联社区罗瑞合北街一号,(86条点评)
锦绣中华微缩景区,https://dimg07.c-ctrip.com/images/10011f000001h36oaD542_C_220_140.jpg,第85名,4.5,深圳市南山区深南大道9003号锦绣中华民俗村内,(124条点评)
茶翁古镇,https://dimg08.c-ctrip.com/images/100r0z000000nv29bEE9F_C_220_140.jpg,第86名,4.5,深圳市盐田区大梅沙东部华侨城茶溪谷景区内,(53条点评)
东山寺,https://dimg02.c-ctrip.com/images/100o1f000001gp2ee1A00_C_220_140.jpg,第87名,4.5,深圳市大鹏新区大鹏镇鹏飞路东山寺,(96条点评)
南山,https://dimg01.c-ctrip.com/images/100u1f000001gq9pt9703_C_220_140.jpg,第88名,4.5,广东省深圳南山区南山,(40条点评)
凤凰古村,https://dimg07.c-ctrip.com/images/100k1f000001guhb47215_C_220_140.jpg,第89名,4.2,深圳市宝安区沙井镇福永街道凤凰社区凤凰村,(76条点评)
宝安科技馆,https://dimg02.c-ctrip.com/images/100k1f000001guhig1842_C_220_140.jpg,第90名,4.5,深圳市宝安区龙井路,(135条点评)
招商局历史博物馆,https://dimg06.c-ctrip.com/images/100d0v000000jlmmg63AE_C_220_140.jpg,第91名,4.8,深圳市南山区蛇口沿山路21号,(36条点评)
大亚湾核电站,https://dimg02.c-ctrip.com/images/tg/291/882/308/b95ff4efd99c497097fc41f1f1e66536_C_220_140.jpg,第92名,4.5,深圳市龙岗区大鹏镇大坑村麻角山大亚湾畔,(174条点评)
官湖村,https://dimg03.c-ctrip.com/images/10060v000000jnovi8831_C_220_140.jpg,第93名,4.3,深圳市龙岗区,(80条点评)
艺展中心,https://dimg05.c-ctrip.com/images/10091f000001gspjm33B9_C_220_140.jpg,第94名,4.5,深圳市罗湖区梅园路125号,(72条点评)
罗湖文化公园,https://dimg01.c-ctrip.com/images/100m1f000001gzncw7480_C_220_140.jpg,第95名,4.2,深圳市罗湖区湖贝路2012号,(174条点评)
深圳湾口岸,https://dimg02.c-ctrip.com/images/0102p1200083imm3f694E_C_220_140.jpg,第96名,4.4,深圳市南山区东滨路1号,(108条点评)
沙鱼涌,https://dimg01.c-ctrip.com/images/100l1f000001gqhft69D5_C_220_140.jpg,第97名,4.4,深圳市龙岗区官湖路沙鱼涌,(24条点评)
翠竹公园,https://dimg04.c-ctrip.com/images/10051f000001gsroq90F9_C_220_140.jpg,第98名,4.4,深圳市罗湖区翠竹路1078号,(156条点评)
南头古城博物馆,https://dimg08.c-ctrip.com/images/100d1f000001gor851A3B_C_220_140.jpg,第99名,4.2,深圳市南山区南头较场2号（南头古城内）,(69条点评)
龙城广场,https://dimg01.c-ctrip.com/images/100u1f000001gqa42F990_C_220_140.jpg,第100名,4.2,深圳市龙岗区龙翔东路,(151条点评)
中英街历史博物馆,https://dimg02.c-ctrip.com/images/1A0d190000016zkhgCE36_C_220_140.jpg,,4.4,深圳市沙头角镇内环城路口9号,(53条点评)
观音山公园,https://dimg07.c-ctrip.com/images/100n1f000001gpdnxC441_C_220_140.jpg,,4.7,深圳市龙岗区王母立交桥西南角,(26条点评)
思月书院,https://dimg01.c-ctrip.com/images/tg/923/086/016/7d4681f6494744548b906a830ef9281b_C_220_140.jpg,,4.1,深圳市罗湖区人民路二横街79,(94条点评)
赤湾天后庙,https://dimg03.c-ctrip.com/images/100o0v000000jly4o80CA_C_220_140.jpg,,4.0,深圳市南山区赤湾六路,(58条点评)
大鹏金沙湾海滨度假区,https://dimg08.c-ctrip.com/images/3507160000010l2f25198_C_220_140.jpg,,4.4,深圳市龙岗区大鹏街道下沙社区,(84条点评)
东江纵队司令部,https://dimg07.c-ctrip.com/images/100n0w000000kes29A66A_C_220_140.jpg,,4.2,深圳市龙岗区葵涌镇土洋村,(29条点评)
宝安公园,https://dimg05.c-ctrip.com/images/0ww4e120006o1qt5f5298_C_220_140.jpg,,4.6,深圳市宝安区公园路,(114条点评)
京基100观光,https://dimg04.c-ctrip.com/images/100a1f000001grje05F3F_C_220_140.jpg,,4.5,深圳市罗湖区深南东路5016号,(109条点评)
南岭村,https://dimg07.c-ctrip.com/images/100m1f000001gznv62C09_C_220_140.jpg,,4.2,深圳市龙岗区南湾街道南岭村社区,(118条点评)
香蜜湖,https://dimg02.c-ctrip.com/images/100c1f000001gsv5sE082_C_220_140.jpg,,4.3,深圳市福田区深南大道6068号香蜜湖度假村,(86条点评)
深圳人才公园,https://dimg06.c-ctrip.com/images/100m170000012szrfE60C_C_220_140.jpg,,4.6,深圳市兰月四街与科苑南路交叉口东100米,(109条点评)
龙城公园,https://dimg04.c-ctrip.com/images/100r1f000001gonbqC289_C_220_140.jpg,,4.5,深圳市龙岗区清林路与爱心路交界处,(101条点评)
凤岩古庙,https://dimg08.c-ctrip.com/images/10041f000001gp9rw325B_C_220_140.jpg,,4.3,深圳市宝安区福永镇凤凰村凤凰山森林公园内,(52条点评)
南山公园,https://dimg06.c-ctrip.com/images/100h1f000001grujjB6B8_C_220_140.jpg,,4.6,深圳市南山区南海大道,(63条点评)
凤凰文昌塔,https://dimg08.c-ctrip.com/images/100n0v000000jp9zaB372_C_220_140.jpg,,4.2,深圳市宝安区福永镇凤凰村委西0.1公里,(63条点评)
湿地花园,https://dimg03.c-ctrip.com/images/100n0m000000drycdC4AB_C_220_140.jpg,,4.4,深圳市盐田区大梅沙东部华侨城茶溪谷内,(42条点评)
梅林水库,https://dimg08.c-ctrip.com/images/100r1f000001gonqt96BA_C_220_140.jpg,,4.3,深圳市福田区大型住宅区梅林一村以北，塘朗山以东。,(52条点评)
三洲茶园,https://dimg04.c-ctrip.com/images/10081900000184r4nCA50_C_220_140.jpg,,4.3,深圳市盐田区大梅沙东部华侨城茶溪谷景区内,(32条点评)
梅山,https://dimg02.c-ctrip.com/images/100a1f000001grmylCEE7_C_220_140.jpg,,4.3,深圳市福田区梅林水库旁,(52条点评)
赤湾古炮台,https://dimg02.c-ctrip.com/images/100a1f000001grnfk1208_C_220_140.jpg,,4.1,深圳市南山区左炮台路,(57条点评)
深圳科学馆,https://dimg03.c-ctrip.com/images/10031f000001gs163F387_C_220_140.jpg,,4.5,深圳市福田区上步中路1003号深圳科学馆,(103条点评)
燕晗山郊野公园,https://dimg04.c-ctrip.com/images/100b1f000001gsocq92BC_C_220_140.jpg,,4.6,深圳市南山区侨城东街6号,(60条点评)
下沙博物馆,https://dimg02.c-ctrip.com/images/10020v000000jwkgb9EE7_C_220_140.jpg,,4.1,深圳市福田区大围路与下沙大道交叉附近,(58条点评)
莫高窟微缩景观,https://dimg01.c-ctrip.com/images/100l1f000001gqg3sF82A_C_220_140.jpg,,4.7,深南大道9003锦绣中华内景点,(30条点评)
大鹏山,https://dimg08.c-ctrip.com/images/10070v000000k3sh94A73_C_220_140.jpg,,4.2,深圳市大鹏新区南澳地质公园路1号大鹏半岛地质公园内,(19条点评)
坑梓公园,https://dimg01.c-ctrip.com/images/100w1f000001gwau51462_C_220_140.jpg,,4.3,深圳市龙岗区吉康路与梓兴路交界处,(67条点评)
宝安耶稣君王堂,https://dimg04.c-ctrip.com/images/100b0h0000008vm3gA45E_C_220_140.jpg,,4.5,深圳市宝安71区上川路469号，上川二路与留仙一路交汇处（残联旁）。,(37条点评)
圣安多尼教堂,https://dimg06.c-ctrip.com/images/100a1f000001grnf8AB96_C_220_140.jpg,,4.4,深圳市福田区农林路65号,(38条点评)
东海文化广场,https://dimg03.c-ctrip.com/images/100l0v000000jn9wr934C_C_220_140.jpg,,4.3,深圳市福田区香林路28北门对面,(68条点评)
布吉公园,https://dimg08.c-ctrip.com/images/100d1f000001gosmw4752_C_220_140.jpg,,3.7,深圳市龙岗区金鹏路21号,(195条点评)
文博宫,https://dimg06.c-ctrip.com/images/100v1f000001h1d7u19F7_C_220_140.jpg,,4.3,深圳市龙岗区布吉西环路88号,(98条点评)
龙田世居,https://dimg06.c-ctrip.com/images/10041f000001gp9xz694E_C_220_140.jpg,,4.3,深圳市龙岗区坑梓镇田段心村,(30条点评)
平峦山公园,https://dimg08.c-ctrip.com/images/100a1f000001grjnp42B2_C_220_140.jpg,,4.4,深圳市宝安区前进二路与宝田三路交叉口,(61条点评)
东山珍珠岛,https://dimg04.c-ctrip.com/images/tg/819/927/734/2ec3370184f842e18a5940a656cc5403_C_220_140.jpg,,4.2,深圳市龙岗区南澳东山珍珠岛,(23条点评)
盐田海滨栈道,https://dimg06.c-ctrip.com/images/100h1f000001grwaiAADF_C_220_140.jpg,,4.8,深圳市盐田区西起中英街古塔公园，东至小梅沙公园。,(37条点评)
铁仔山公园,https://dimg07.c-ctrip.com/images/100e1f000001gszfoD95B_C_220_140.jpg,,4.2,深圳市宝安区西乡街道广深高速公路以西，宝安大道以北。,(93条点评)
大运自然公园,https://dimg06.c-ctrip.com/images/100w1f000001gwbm398F9_C_220_140.jpg,,4.6,深圳市龙岗区龙翔大道大运中心西侧（近大运地铁站）,(25条点评)
坝光村,https://dimg01.c-ctrip.com/images/10090v000000jpgyn98F4_C_220_140.jpg,,3.7,深圳市龙岗区坝光村,(38条点评)
深圳市当代艺术与城市规划馆,https://dimg03.c-ctrip.com/images/0105i1200075zdjowD581_C_220_140.jpg,,4.4,深圳市福田区莲花街道福中路184号(福中一路与鹏程四路交叉口东南100米),(80条点评)
大万世居,https://dimg02.c-ctrip.com/images/100v1f000001h1a5hC4E1_C_220_140.jpg,,4.2,深圳市龙岗区坪山街道大万路33号坪坏社区西南的客家村,(59条点评)
月亮湾公园,https://dimg04.c-ctrip.com/images/100p1f000001gpfrg8BB4_C_220_140.jpg,,4.5,深圳市南山区前海路0333号阳光玫瑰园对面,(47条点评)
观澜人民公园,https://dimg07.c-ctrip.com/images/1A0p180000014uy96BEF4_C_220_140.jpg,,4.3,深圳市宝安区人民公园路4号,(124条点评)
云海高地,https://dimg04.c-ctrip.com/images/fd/tg/g1/M0A/3A/4E/CghzfFWAJpOAcnaeAAK0iNznPCg363_C_220_140.jpg,,4.6,深圳市盐田区大梅沙东部华侨城内,(18条点评)
西乡公园,https://dimg02.c-ctrip.com/images/100o1f000001gp5vuD8CB_C_220_140.jpg,,4.3,深圳市宝安区龙珠路、一〇七国道，靠近荔园路。,(82条点评)
香蜜公园,https://dimg07.c-ctrip.com/images/100g1f000001gr08q057A_C_220_140.jpg,,4.5,深圳市福田区农园路30号,(61条点评)
荔林公园,https://dimg03.c-ctrip.com/images/01A6l120000oo03sz86F6_C_220_140.jpg,,4.5,深圳市宝安区沿湖路45号山海翠庐花园旁边,(58条点评)
信国公文天祥祠,https://dimg03.c-ctrip.com/images/1007170000011hsopDE0F_C_220_140.jpg,,4.1,深圳市南山区南头城现中山东路15号,(57条点评)
东冲海柴角,https://dimg03.c-ctrip.com/images/tg/049/504/980/08a2f4506a564612ad80ceffb3efd786_C_220_140.jpg,,4.4,深圳市龙岗区南澳街道海柴角,(19条点评)
水头海鲜街,https://dimg08.c-ctrip.com/images/100f1f000001gq92891AD_C_220_140.jpg,,4.0,深圳市龙岗区大鹏街道水头海鲜街（龙葵南路与水头商业街交叉口东100米）,(41条点评)
松岗公园,https://dimg04.c-ctrip.com/images/1A0615000000xlh00A9AF_C_220_140.jpg,,4.4,深圳市宝安区松岗麒麟山,(173条点评)
深圳图书馆,https://dimg07.c-ctrip.com/images/100p1f000001gpdnj80BB_C_220_140.jpg,,4.5,深圳市福田区福中一路2001号,(62条点评)
八仙岭公园,https://dimg05.c-ctrip.com/images/100u1f000001gq7inF587_C_220_140.jpg,,4.0,深圳市龙岗区龙岗街道南联社区八仙岭公园,(40条点评)
东江纵队纪念馆,https://dimg07.c-ctrip.com/images/100g0v000000joxuk96B3_C_220_140.jpg,,4.1,深圳市坪山新区坪山街道东纵路230-1号,(49条点评)
流塘公园,https://dimg03.c-ctrip.com/images/10061f000001gqvc7BCE2_C_220_140.jpg,,4.4,深圳市宝安区前进二路正集源大厦旁边,(77条点评)
沙井中心公园,https://dimg04.c-ctrip.com/images/1A0p1f000001gozxr34CB_C_220_140.jpg,,4.3,深圳市宝安区新沙路164号,(125条点评)
沙漠植物区,https://dimg05.c-ctrip.com/images/10080h0000008viwm0BDC_C_220_140.jpg,,4.4,深圳市罗湖区莲塘仙湖路160号仙湖植物园内,(8条点评)
石芽岭公园,https://dimg08.c-ctrip.com/images/tg/296/472/671/7c2e2dae90414982950ec91d881c097c_C_220_140.jpg,,4.4,深圳市龙岗区景芬路,(51条点评)
松坪山公园,https://dimg08.c-ctrip.com/images/1A0l1a00000188v4y9309_C_220_140.jpg,,4.1,南山区高新科技园北区乌石头路9号,(79条点评)
围岭公园,https://dimg06.c-ctrip.com/images/1A0k1700000113y5yD4BB_C_220_140.jpg,,4.2,深圳市罗湖区金稻田路1603号,(69条点评)
海山公园,https://dimg04.c-ctrip.com/images/10011f000001h37vqB197_C_220_140.jpg,,4.2,深圳市盐田区深盐路2100号,(44条点评)
情人岛,https://dimg07.c-ctrip.com/images/100f1f000001gq8k86B97_C_220_140.jpg,,4.0,深圳市龙岗区南澳镇西冲沙滩的一个小岛,(24条点评)
宝安西湾红树林公园,https://dimg01.c-ctrip.com/images/100w0z000000nskhk4942_C_220_140.jpg,,4.7,深圳市宝安区金湾大道与西海堤交汇处,(27条点评)
深圳经济特区建立三十周年纪念园,https://dimg02.c-ctrip.com/images/01034120005vw6999391C_C_220_140.jpg,,4.5,深圳市福田区红荔路6030号莲花山公园内,(42条点评)
黄金海岸环岛游,https://dimg02.c-ctrip.com/images/100n1f000001gpbgmCA11_C_220_140.jpg,,4.5,深圳市盐田区大梅沙心海伽蓝首层温馨票务中心,(36条点评)
华美术馆,https://dimg02.c-ctrip.com/images/100m1f000001gzoc8086E_C_220_140.jpg,,4.4,深圳市南山区华侨城深南大道9009号,(28条点评)
塘朗山郊野公园,https://dimg04.c-ctrip.com/images/0ww20120006o1sk7dAF0B_C_220_140.jpg,,4.5,深圳市南山区龙珠六路尽头处,(56条点评)
客家土楼微缩景观,https://dimg07.c-ctrip.com/images/100t1f000001gqboz1B7B_C_220_140.jpg,,4.6,深南大道9003锦绣中华内景点,(35条点评)
蛇口口岸,https://dimg06.c-ctrip.com/images/350p15000000xnfqrB71C_C_220_140.jpg,,4.4,深圳市南山区蛇口港湾一路1号客运大楼,(39条点评)
玫瑰小镇,https://dimg01.c-ctrip.com/images/100o1f000001gp4yg0C11_C_220_140.jpg,,4.3,深圳市龙岗区大鹏新村,(78条点评)
雅昌艺术馆,https://dimg01.c-ctrip.com/images/100p1f000001gpdxy1096_C_220_140.jpg,,3.9,深圳市福田区梅东二路5号,(34条点评)
龙岩古寺,https://dimg07.c-ctrip.com/images/10031f000001gry6n18E8_C_220_140.jpg,,4.2,深圳市大鹏新区观音山公园附近,(13条点评)
弘源寺,https://dimg04.c-ctrip.com/images/100h1f000001grslcAE41_C_220_140.jpg,,4.5,深圳市宝安区星湖路85号,(43条点评)
仙桐体育公园,https://dimg03.c-ctrip.com/images/fd/tg/g1/M06/03/12/CghzfVUFoWKABoaLAACnGE7zPeo369_C_220_140.jpg,,4.6,深圳市罗湖区莲塘梧桐山（近莲塘罗湖公安局）,(20条点评)
宋少帝陵,https://dimg05.c-ctrip.com/images/10090v000000jpiea133A_C_220_140.jpg,,4.2,深圳市南山区招商街道赤湾村少帝路,(18条点评)
凤凰山国家矿山公园,https://dimg05.c-ctrip.com/images/1A0j160000010joq3F372_C_220_140.jpg,,4.4,深圳市龙岗区平湖镇双拥街186号斜对面,(51条点评)
艺象ID Town,https://dimg03.c-ctrip.com/images/100t1f000001gqdbwD9FC_C_220_140.jpg,,3.7,深圳市大鹏新区葵涌葵鹏公路106号,(14条点评)
前海湾,https://dimg08.c-ctrip.com/images/0ww5c120006oeeyucE86E_C_220_140.jpg,,4.7,深圳市南山区与宝安区西部交界处海域,(47条点评)
文锦渡口岸,https://dimg08.c-ctrip.com/images/fd/tg/g1/M04/62/B7/CghzfFU6KfiAC4D3AAGsBjR6txc510_C_220_140.jpg,,4.4,深圳市罗湖区沿河南路1188号,(33条点评)
峡湾森林,https://dimg02.c-ctrip.com/images/100h0m000000dpcy43FCF_C_220_140.jpg,,4.5,深圳市盐田区大梅沙东部华侨城大侠谷内,(6条点评)
1980文化创意产业园,https://dimg06.c-ctrip.com/images/100c1f000001gsvaaD408_C_220_140.jpg,,4.2,深圳市龙华新区民治民福路888号,(84条点评)
5D星空光影错觉艺术馆（科技园店...,https://dimg03.c-ctrip.com/images/10011f000001h38qtEF0E_C_220_140.jpg,,4.5,深圳市南山区高新南一道6号TCL大厦A座三层361室,(47条点评)
求水山景区,https://dimg01.c-ctrip.com/images/100w1f000001gwaxcB538_C_220_140.jpg,,4.3,深圳市龙岗区南湾街道南岭村(近南岭花园),(50条点评)
化石森林,https://dimg08.c-ctrip.com/images/10080h0000008vito0452_C_220_140.jpg,,4.6,深圳市罗湖区莲塘仙湖路160号仙湖植物园内,(21条点评)
布吉老街,https://dimg01.c-ctrip.com/images/01A4h1200082oydvsC378_C_220_140.jpg,,4.4,吉华路117号,(60条点评)
缤纷气球嘉年华,https://dimg04.c-ctrip.com/images/tg/268/576/130/30331aa6c57f491e982b78ea1f31b092_C_220_140.jpg,,4.3,深圳市蛇口区海上世界负一层(明华轮旁边),(22条点评)
铁岗公园,https://dimg05.c-ctrip.com/images/1A0112000000s620j9EDC_C_220_140.jpg,,4.0,深圳市宝安区宝田一路,(21条点评)
鹅公湾,https://dimg02.c-ctrip.com/images/1A0j19000001724ip72E5_C_220_140.jpg,,4.2,深圳市龙岗区南澳镇南大鹏半岛的西海岸,(11条点评)
坪山公园,https://dimg08.c-ctrip.com/images/1A0q14000000vuy4rDB87_C_220_140.jpg,,4.1,深圳市龙岗区坪山汽车总站斜对面,(57条点评)
赤湾烟墩,https://dimg08.c-ctrip.com/images/fd/tg/g4/M03/C0/85/CggYHVZdsyCALhYqAAGW5ef8efY960_C_220_140.jpg,,4.4,深圳市南山区赤湾港小南山顶,(16条点评)
仙人石,https://dimg02.c-ctrip.com/images/tg/694/818/452/68bbcab06d234125aad2fb7b3b30d9f1_C_220_140.jpg,,3.6,深圳市龙岗区大鹏半岛上的大鹏镇水头村东北约1公里,(14条点评)
沙头角,https://dimg04.c-ctrip.com/images/100t0n000000eh2s35B7C_C_220_140.jpg,,4.4,沙头角镇,(13条点评)
天下第一农庄,https://dimg04.c-ctrip.com/images/fd/tg/g2/M07/51/43/CghzgFSt3uiAVpdWAAKJlPJkq08044_C_220_140.jpg,,4.2,深圳市龙岗区横岗公园路园山风景区,(19条点评)
